-- phpMyAdmin SQL Dump
-- version 4.6.5.2
-- https://www.phpmyadmin.net/
--
-- Host: 127.0.0.1
-- Generation Time: Oct 11, 2017 at 05:31 PM
-- Server version: 10.1.21-MariaDB
-- PHP Version: 7.1.1

SET SQL_MODE = "NO_AUTO_VALUE_ON_ZERO";
SET time_zone = "+00:00";


/*!40101 SET @OLD_CHARACTER_SET_CLIENT=@@CHARACTER_SET_CLIENT */;
/*!40101 SET @OLD_CHARACTER_SET_RESULTS=@@CHARACTER_SET_RESULTS */;
/*!40101 SET @OLD_COLLATION_CONNECTION=@@COLLATION_CONNECTION */;
/*!40101 SET NAMES utf8mb4 */;

--
-- Database: `tmipos`
--

-- --------------------------------------------------------

--
-- Table structure for table `category`
--

CREATE TABLE `category` (
  `id` int(11) NOT NULL,
  `name` varchar(255) NOT NULL,
  `status` int(11) NOT NULL DEFAULT '1'
) ENGINE=InnoDB DEFAULT CHARSET=latin1;

--
-- Dumping data for table `category`
--

INSERT INTO `category` (`id`, `name`, `status`) VALUES
(1, 'Man', 1),
(2, 'woman', 1);

-- --------------------------------------------------------

--
-- Table structure for table `customer`
--

CREATE TABLE `customer` (
  `id` int(11) NOT NULL,
  `name` varchar(255) NOT NULL,
  `mobile` int(11) NOT NULL
) ENGINE=InnoDB DEFAULT CHARSET=latin1;

--
-- Dumping data for table `customer`
--

INSERT INTO `customer` (`id`, `name`, `mobile`) VALUES
(25, 'hksdf', 345),
(26, 'dsfgdfs', 45465),
(27, '', 0),
(28, '', 0),
(29, 'dfg', 45),
(30, 'tanvir', 34),
(31, 'test', 345),
(32, 'fsd', 34),
(33, 'sads', 453),
(34, 'loading ', 345),
(35, 'fgdfgdfg', 4564),
(36, 'tanvir', 35345),
(37, 'sdfsdf', 3434),
(38, 'sdfsdf', 3454),
(39, 'sdfsdf', 3454),
(40, 'dfgfg', 544),
(41, 'ghjg', 5656),
(42, 'fghfh', 5656),
(43, 'sdfsdf', 34534),
(44, 'fghfg', 456),
(45, 'fghfgsdf', 456345),
(46, 'sdf', 345),
(47, 'fdg', 345),
(48, 'sdf', 345),
(49, 'sfd', 345),
(50, 'fgdfg', 4355),
(51, 'dfgdg', 45),
(52, 'ghjj', 5466),
(53, 'dsgdf', 5445),
(54, 'fgcvb', 56),
(55, 'fgcvb', 56),
(56, 'fgcvb', 56),
(57, 'fgcvb', 56),
(58, 'sdf', 345),
(59, 'test', 34345345),
(60, 'tanvir', 345345),
(61, 'ismail', 3875837),
(62, 'xvxd', 44),
(63, 'cffdfg', 45),
(64, 'tajfl', 345),
(65, 'dfgdfg', 345),
(66, 'tanvir', 0),
(67, 'ismail', 0),
(68, 'osdf', 0),
(69, 'fghh', 0),
(70, 'sdff', 0),
(71, 'sdfsf', 0),
(72, 'sdf', 0),
(73, 'sdfsdf', 0),
(74, 'sdfsdf', 0),
(75, 'cvcb', 0),
(76, 'ddfg', 0),
(77, 'sdfs', 0),
(78, 'sdsdf', 54545),
(79, 'tanvir', 0),
(80, 'tanvir', 0),
(81, 'sdfsdf', 344354),
(82, 'tanvir hold pay', 345345),
(84, 'hold pay', 3453),
(86, 'final hold pay', 4353),
(87, 'xcvxc', 34534),
(88, 'sdfssd', 3454),
(89, 'rrr', 3435),
(90, 'xcxcv', 345),
(92, 'sdfsdf', 43243),
(93, 'assada', 2324234),
(94, 'dbdfgd', 0),
(95, 'fgbvc', 45645),
(96, 'sdf', 345345),
(97, 'werwer', 34544),
(98, 'dfdf', 3455),
(99, 'sdf', 435),
(100, 'tanvir', 3423),
(101, 'sdf', 345),
(102, 'gdgdg', 34534),
(103, 'hfhfg', 43435),
(104, 'sdf', 43543),
(105, 'sdf', 4345),
(106, 'sdfsd', 3453),
(107, 'xcvxcv', 345345),
(108, 'sdfsdf', 34324),
(109, 'sdfsdf', 345345),
(110, 'sdfsdf', 354345),
(112, 'sfdsdfsdf', 34545),
(113, 'sdf', 32423),
(114, 'vvv', 666666),
(115, 'vvv', 666666),
(116, 'jlksjlfsd', 6565654),
(117, 'jlksjlfsd', 6565654);

-- --------------------------------------------------------

--
-- Table structure for table `discount`
--

CREATE TABLE `discount` (
  `id` int(11) NOT NULL,
  `name` varchar(255) NOT NULL,
  `product_id` int(11) NOT NULL,
  `amount` varchar(15) NOT NULL,
  `type` varchar(11) NOT NULL,
  `date_start` datetime NOT NULL,
  `date_end` datetime NOT NULL
) ENGINE=InnoDB DEFAULT CHARSET=latin1;

--
-- Dumping data for table `discount`
--

INSERT INTO `discount` (`id`, `name`, `product_id`, `amount`, `type`, `date_start`, `date_end`) VALUES
(1, 'eid special', 1, '12', 'P', '2017-06-27 00:00:00', '2017-07-31 00:00:00');

-- --------------------------------------------------------

--
-- Table structure for table `product`
--

CREATE TABLE `product` (
  `id` int(11) NOT NULL,
  `cat_id` int(11) NOT NULL,
  `barcode` varchar(128) NOT NULL,
  `code` varchar(155) NOT NULL,
  `name` varchar(255) NOT NULL,
  `image` varchar(255) NOT NULL,
  `price` varchar(15) NOT NULL,
  `quantity` int(11) NOT NULL DEFAULT '0',
  `vat` varchar(15) NOT NULL,
  `status` int(11) NOT NULL DEFAULT '1',
  `date` timestamp NOT NULL DEFAULT CURRENT_TIMESTAMP
) ENGINE=InnoDB DEFAULT CHARSET=latin1;

--
-- Dumping data for table `product`
--

INSERT INTO `product` (`id`, `cat_id`, `barcode`, `code`, `name`, `image`, `price`, `quantity`, `vat`, `status`, `date`) VALUES
(1, 2, '1122', '345', 't-shirt', '9277-p1.jpg', '400', 0, '10', 1, '2017-06-26 18:30:56'),
(2, 1, '2211', '345', 'pant', '2.jpg', '300', 0, '15', 1, '2017-06-26 18:30:56'),
(3, 1, '7702018001132', '57567', 'Shirt', '7719-p7.jpg', '450', 0, '12', 1, '2017-07-02 15:02:22'),
(4, 2, '34534', '234', 'woman shirt', '2051-p13.jpg', '650', 0, '10', 1, '2017-07-02 15:02:22'),
(5, 2, '32423', 'd45', 'Blue-Jamdani-Sharee-1', 'Blue-Jamdani-Sharee-1.jpg', '2500', 0, '10', 1, '2017-07-02 15:05:21'),
(6, 2, '3534', 'd45', 'Blue-Jamdani-Sharee-2', 'Blue-Jamdani-Sharee-2.jpg', '2800', 0, '10', 1, '2017-07-02 15:05:21'),
(7, 2, '343', 'd45', 'Blue-Jamdani-Sharee-3', 'Blue-Jamdani-Sharee-3.jpg', '2200', 0, '10', 1, '2017-07-02 15:06:12'),
(8, 1, '34534', 'd45', 'Moda-Rapido-Men-Tshirts-3', '11452070309657-Moda-Rapido-Men-Tshirts-3111452070309050-3.jpg', '550', 0, '10', 1, '2017-07-02 15:11:00'),
(9, 1, '051000012517', 'd45', 'tshit', 'ghfgh.jpg', '400', 0, '10', 1, '2017-07-02 15:11:00'),
(10, 1, '345', 'd45', 'New-T-shirt', 'New-T-shirt.jpg', '500', 0, '10', 1, '2017-07-02 15:11:54'),
(11, 1, '34534', 'd45', 'official-DJ', 'official-DJ.jpg', '700', 6, '10', 1, '2017-07-02 15:11:54'),
(12, 1, '34535', 'd45', 'U-S--Polo-Asjpg', 'U-S--Polo-Assn--Navy-Blue-Polo-T-Shirts-3792-396815-1-catalog_m.jpg', '500', 0, '10', 1, '2017-07-02 15:13:14'),
(13, 1, '35435', 'd45', 'Rajshahi-Silk-Panjabi-1', 'Rajshahi-Silk-Panjabi-1.jpg', '2000', -1, '10', 1, '2017-07-02 15:13:14'),
(14, 1, '344', 'd45', 'Rajshahi-Silk-Panjabi-2', 'Rajshahi-Silk-Panjabi-2.jpg', '2100', -1, '10', 1, '2017-07-02 15:14:16'),
(15, 1, '3453', 'd45', 'Rajshahi-Silk-Panjabi-3', 'Rajshahi-Silk-Panjabi-3.jpg', '1500', 0, '10', 1, '2017-07-02 15:14:16'),
(16, 2, '3534', 'd45', 'product_img_tt_1626461', 'product_img_tt_1626461.jpg', '350', 0, '10', 1, '2017-07-02 15:15:14'),
(17, 2, '987654321234', 'd45', 'Woman-t-shirt', 'Woman-t-shirt.jpg', '800', 0, '10', 1, '2017-07-02 15:15:14'),
(18, 2, '123456789098', 'd45', 'Women-Cotton-O-Neck-Woman', 'Women-Cotton-O-Neck-Woman-T-Shirt-Euro.jpg_640x640.jpg', '600', -5, '10', 1, '2017-07-02 15:15:43'),
(22, 2, '34534', '34534', 'sdfsdf', '1500032307-9e39ed86e2ed793da066a6c3ffb436d4.png', '345', 345, '345', 0, '2017-07-14 11:38:27'),
(23, 2, '345345', '345', 'ismail', '1500032471-316c4d.jpg', '345', 345, '345', 0, '2017-07-14 11:41:11');

-- --------------------------------------------------------

--
-- Table structure for table `sales`
--

CREATE TABLE `sales` (
  `id` int(11) NOT NULL,
  `invoice_prefix` varchar(128) NOT NULL,
  `trans_id` int(11) NOT NULL,
  `cust_id` int(11) NOT NULL,
  `user_id` int(11) NOT NULL,
  `total_items` int(11) NOT NULL,
  `total` varchar(15) NOT NULL,
  `tax` varchar(15) NOT NULL,
  `grand_total` varchar(15) NOT NULL,
  `take_amount` varchar(15) NOT NULL,
  `change_amount` varchar(15) DEFAULT NULL,
  `due_amount` varchar(15) DEFAULT NULL,
  `status` varchar(32) NOT NULL DEFAULT 'Unpaid',
  `date_add` timestamp NOT NULL DEFAULT CURRENT_TIMESTAMP ON UPDATE CURRENT_TIMESTAMP,
  `date_modified` timestamp NOT NULL DEFAULT '0000-00-00 00:00:00'
) ENGINE=InnoDB DEFAULT CHARSET=latin1;

--
-- Dumping data for table `sales`
--

INSERT INTO `sales` (`id`, `invoice_prefix`, `trans_id`, `cust_id`, `user_id`, `total_items`, `total`, `tax`, `grand_total`, `take_amount`, `change_amount`, `due_amount`, `status`, `date_add`, `date_modified`) VALUES
(23, 'INV-1707', 22, 25, 0, 2, '1094.8', '0', '1094.8', '0', NULL, NULL, 'Paid', '2017-07-03 18:13:33', '0000-00-00 00:00:00'),
(24, 'INV-1707', 23, 26, 0, 2, '1042.75', '0', '1042.75', '1100', '57.25', NULL, 'Paid', '2017-07-03 18:18:44', '0000-00-00 00:00:00'),
(25, 'INV-1707', 24, 27, 0, 1, '396', '0', '396', '500', '104', NULL, 'Paid', '2017-07-04 03:58:21', '0000-00-00 00:00:00'),
(26, 'INV-1707', 25, 28, 0, 1, '2750', '0', '2750', '400', NULL, '2350', 'Paid', '2017-07-04 04:00:28', '0000-00-00 00:00:00'),
(27, 'INV-1707', 26, 29, 0, 1, '605', '0', '605', '500', NULL, '105', 'Paid', '2017-07-04 04:05:25', '0000-00-00 00:00:00'),
(28, 'INV-1707', 29, 32, 0, 1, '715', '0', '715', '8800', '8085', NULL, 'Paid', '2017-07-04 04:20:05', '0000-00-00 00:00:00'),
(29, 'INV-1707', 30, 33, 0, 1, '605', '0', '605', '700', '95', NULL, 'Paid', '2017-07-04 04:24:37', '0000-00-00 00:00:00'),
(30, 'INV-1707', 31, 34, 0, 2, '3520', '0', '3520', '4000', '480', NULL, 'Paid', '2017-07-04 05:13:50', '0000-00-00 00:00:00'),
(31, 'INV-1707', 32, 35, 0, 1, '715', '0', '715', '800', '85', NULL, 'Paid', '2017-07-04 05:27:24', '0000-00-00 00:00:00'),
(32, 'INV-1707', 33, 36, 0, 1, '660', '0', '660', '700', '40', NULL, 'Paid', '2017-07-04 12:32:01', '0000-00-00 00:00:00'),
(33, 'INV-1707', 34, 37, 0, 2, '1540', '0', '1540', '5000', '3460', NULL, 'Paid', '2017-07-04 14:03:08', '0000-00-00 00:00:00'),
(34, 'INV-1707', 35, 38, 0, 1, '880', '0', '880', '5555', '4675', NULL, 'Paid', '2017-07-04 14:13:17', '0000-00-00 00:00:00'),
(35, 'INV-1707', 36, 39, 0, 1, '880', '0', '880', '5555', '4675', NULL, 'Paid', '2017-07-04 14:15:43', '0000-00-00 00:00:00'),
(36, 'INV-1707', 37, 40, 0, 1, '385', '0', '385', '6666', '6281', NULL, 'Paid', '2017-07-04 14:16:15', '0000-00-00 00:00:00'),
(37, 'INV-1707', 38, 41, 0, 1, '2310', '0', '2310', '6666', '4356', NULL, 'Paid', '2017-07-04 14:17:32', '0000-00-00 00:00:00'),
(38, 'INV-1707', 39, 42, 0, 1, '550', '0', '550', '9999', '9449', NULL, 'Paid', '2017-07-04 14:18:49', '0000-00-00 00:00:00'),
(39, 'INV-1707', 40, 43, 0, 1, '880', '0', '880', '8888', '8008', NULL, 'Paid', '2017-07-04 14:21:36', '0000-00-00 00:00:00'),
(40, 'INV-1707', 41, 44, 0, 1, '2310', '0', '2310', '788888', '786578', NULL, 'Paid', '2017-07-04 14:23:08', '0000-00-00 00:00:00'),
(41, 'INV-1707', 42, 45, 0, 1, '550', '0', '550', '5555', '5005', NULL, 'Paid', '2017-07-04 14:23:49', '0000-00-00 00:00:00'),
(42, 'INV-1707', 43, 46, 0, 1, '550', '0', '550', '44', NULL, '506', 'Paid', '2017-07-04 14:24:12', '0000-00-00 00:00:00'),
(43, 'INV-1707', 44, 47, 0, 1, '2310', '0', '2310', '5555', '3245', NULL, 'Paid', '2017-07-04 14:25:57', '0000-00-00 00:00:00'),
(44, 'INV-1707', 45, 48, 0, 1, '550', '0', '550', '55555', '55005', NULL, 'Paid', '2017-07-04 14:27:28', '0000-00-00 00:00:00'),
(45, 'INV-1707', 46, 49, 0, 1, '770', '0', '770', '6666', '5896', NULL, 'Paid', '2017-07-04 14:28:56', '0000-00-00 00:00:00'),
(46, 'INV-1707', 47, 50, 0, 1, '2310', '0', '2310', '6666', '4356', NULL, 'Paid', '2017-07-04 14:35:00', '0000-00-00 00:00:00'),
(47, 'INV-1707', 48, 51, 0, 1, '2200', '0', '2200', '99999', '97799', NULL, 'Paid', '2017-07-04 15:57:40', '0000-00-00 00:00:00'),
(48, 'INV-1707', 49, 52, 0, 1, '2310', '0', '2310', '55555', '53245', NULL, 'Paid', '2017-07-04 14:43:59', '0000-00-00 00:00:00'),
(49, 'INV-1707', 50, 53, 0, 1, '2310', '0', '2310', '5000', '2690', NULL, 'Paid', '2017-07-04 14:49:35', '0000-00-00 00:00:00'),
(50, 'INV-1707', 51, 54, 0, 1, '2200', '0', '2200', '88', NULL, '2112', 'Paid', '2017-07-04 14:51:22', '0000-00-00 00:00:00'),
(51, 'INV-1707', 52, 55, 0, 1, '418', '0', '418', '500', '82', NULL, 'Paid', '2017-07-04 16:41:50', '0000-00-00 00:00:00'),
(52, 'INV-1707', 53, 56, 0, 1, '396', '0', '396', '550', '154', NULL, 'Paid', '2017-07-04 16:46:01', '0000-00-00 00:00:00'),
(53, 'INV-1707', 54, 57, 0, 0, '506', '0', '506', '500', NULL, '6', 'Paid', '2017-07-04 17:26:36', '0000-00-00 00:00:00'),
(54, 'INV-1707', 55, 58, 0, 1, '2750', '0', '2750', '3000', '250', NULL, 'Paid', '2017-07-04 17:30:26', '0000-00-00 00:00:00'),
(55, 'INV-1707', 56, 59, 0, 3, '2994.75', '359.37', '3354.12', '3500', '145.88', NULL, 'Paid', '2017-07-04 18:38:29', '0000-00-00 00:00:00'),
(56, 'INV-1707', 57, 60, 1, 3, '4620', '554.4', '5174.4', '0', NULL, NULL, 'Paid', '2017-07-05 05:36:41', '0000-00-00 00:00:00'),
(57, 'INV-1707', 58, 61, 1, 4, '5775', '693', '6468', '6500', '32', NULL, 'Paid', '2017-07-05 10:22:27', '0000-00-00 00:00:00'),
(58, 'INV-1707', 59, 62, 1, 1, '2310', '277.2', '2587.2', '500', NULL, '2087.2', 'Paid', '2017-07-05 11:36:11', '0000-00-00 00:00:00'),
(59, 'INV-1707', 60, 63, 1, 3, '6160', '739.2', '6899.2', '7700', '800.8', NULL, 'Paid', '2017-07-05 15:18:26', '0000-00-00 00:00:00'),
(60, 'INV-1707', 61, 64, 1, 1, '385', '46.2', '431.2', '500', '68.8', NULL, 'Paid', '2017-07-06 11:01:28', '0000-00-00 00:00:00'),
(61, 'INV-1707', 62, 65, 1, 1, '880', '105.6', '985.6', '1000', '14.4', NULL, 'Paid', '2017-07-06 11:02:48', '0000-00-00 00:00:00'),
(62, 'INV-1707', 0, 66, 1, 1, '2310', '277.2', '2587.2', '0', NULL, NULL, 'Hold', '2017-07-06 12:49:53', '0000-00-00 00:00:00'),
(63, 'INV-1707', 0, 67, 1, 1, '880', '105.6', '985.6', '0', NULL, NULL, 'Hold', '2017-07-06 12:55:52', '0000-00-00 00:00:00'),
(64, 'INV-1707', 0, 68, 1, 1, '770', '92.4', '862.4', '0', NULL, NULL, 'Hold', '2017-07-06 12:57:32', '0000-00-00 00:00:00'),
(65, 'INV-1707', 0, 69, 1, 1, '660', '79.2', '739.2', '0', NULL, NULL, 'Hold', '2017-07-06 12:59:05', '0000-00-00 00:00:00'),
(66, 'INV-1707', 0, 70, 1, 1, '385', '46.2', '431.2', '0', NULL, NULL, 'Hold', '2017-07-06 14:42:25', '0000-00-00 00:00:00'),
(67, 'INV-1707', 0, 71, 1, 1, '550', '66', '616', '0', NULL, NULL, 'Hold', '2017-07-06 14:44:18', '0000-00-00 00:00:00'),
(68, 'INV-1707', 0, 72, 1, 1, '2750', '330', '3080', '0', NULL, NULL, 'Hold', '2017-07-06 14:44:59', '0000-00-00 00:00:00'),
(69, 'INV-1707', 0, 73, 1, 1, '550', '66', '616', '0', NULL, NULL, 'Hold', '2017-07-06 14:46:49', '0000-00-00 00:00:00'),
(70, 'INV-1707', 0, 74, 1, 1, '770', '92.4', '862.4', '0', NULL, NULL, 'Hold', '2017-07-06 14:49:43', '0000-00-00 00:00:00'),
(71, 'INV-1707', 0, 75, 1, 1, '550', '66', '616', '0', NULL, NULL, 'Hold', '2017-07-06 14:52:58', '0000-00-00 00:00:00'),
(72, 'INV-1707', 0, 76, 1, 1, '550', '66', '616', '0', NULL, NULL, 'Hold', '2017-07-06 14:53:29', '0000-00-00 00:00:00'),
(73, 'INV-1707', 0, 77, 1, 1, '550', '66', '616', '0', NULL, NULL, 'Hold', '2017-07-06 15:06:01', '0000-00-00 00:00:00'),
(74, 'INV-1707', 63, 78, 1, 1, '504', '60.48', '564.48', '600', '35.52', NULL, 'Paid', '2017-07-06 18:00:58', '0000-00-00 00:00:00'),
(75, 'INV-1707', 0, 79, 1, 2, '1419', '170.28', '1589.28', '', NULL, NULL, 'Hold', '2017-07-06 18:34:41', '0000-00-00 00:00:00'),
(76, 'INV-1707', 64, 81, 1, 3, '3729', '447.48', '4176.48', '5000', '823.52', NULL, 'Paid', '2017-07-06 19:24:37', '0000-00-00 00:00:00'),
(77, 'INV-1707', 65, 82, 1, 2, '1419', '170.28', '1589.28', '0', NULL, NULL, 'Paid', '2017-07-07 09:16:24', '0000-00-00 00:00:00'),
(79, 'INV-1707', 66, 84, 1, 2, '741', '88.92', '829.92', '0', NULL, NULL, 'Paid', '2017-07-07 09:19:29', '0000-00-00 00:00:00'),
(81, 'INV-1707', 67, 86, 1, 3, '2915', '349.8', '3264.8', '3333', '68.2', NULL, 'Paid', '2017-07-07 12:24:51', '0000-00-00 00:00:00'),
(82, 'INV-1707', 68, 87, 1, 1, '770', '92.4', '862.4', '1000', '137.6', NULL, 'Paid', '2017-07-07 15:20:05', '0000-00-00 00:00:00'),
(83, 'INV-1707', 69, 88, 1, 1, '550', '66', '616', '0', NULL, NULL, 'Paid', '2017-07-07 15:21:56', '0000-00-00 00:00:00'),
(84, 'INV-1707', 70, 89, 1, 1, '345', '41.4', '386.4', '0', NULL, NULL, 'Paid', '2017-07-07 15:26:00', '0000-00-00 00:00:00'),
(85, 'INV-1707', 71, 90, 1, 1, '550', '66', '616', '500', NULL, '116', 'Paid', '2017-07-07 15:27:19', '0000-00-00 00:00:00'),
(87, 'INV-1707', 72, 92, 1, 2, '2860', '343.2', '3203.2', '3333', '129.8', NULL, 'Paid', '2017-07-07 17:46:47', '0000-00-00 00:00:00'),
(88, 'INV-1707', 73, 93, 1, 3, '2154', '258.48', '2412.48', '2500', '87.52', NULL, 'Paid', '2017-07-08 07:06:34', '0000-00-00 00:00:00'),
(89, 'INV-1707', 0, 94, 1, 2, '2695', '323.4', '3018.4', '', NULL, NULL, 'Hold', '2017-07-08 07:07:38', '0000-00-00 00:00:00'),
(97, 'INV-1707', 81, 102, 1, 1, '880', '105.6', '985.6', '1000', '14.4', NULL, 'Paid', '2017-07-09 12:51:11', '0000-00-00 00:00:00'),
(98, 'INV-1707', 82, 103, 1, 1, '3080', '369.6', '3449.6', '3000', NULL, '449.6', 'Paid', '2017-07-09 12:52:06', '0000-00-00 00:00:00'),
(99, 'INV-1707', 83, 104, 1, 1, '550', '66', '616', '0', NULL, NULL, 'Paid', '2017-07-09 12:53:24', '0000-00-00 00:00:00'),
(100, 'INV-1707', 84, 105, 1, 1, '440', '52.8', '492.8', '0', NULL, NULL, 'Paid', '2017-07-09 14:06:41', '0000-00-00 00:00:00'),
(101, 'INV-1707', 85, 106, 1, 1, '550', '66', '616', '0', NULL, NULL, 'Paid', '2017-07-09 16:29:25', '0000-00-00 00:00:00'),
(102, 'INV-1707', 86, 107, 1, 1, '1650', '198', '1848', '0', NULL, NULL, 'Paid', '2017-07-09 16:32:07', '0000-00-00 00:00:00'),
(103, 'INV-1707', 87, 108, 1, 1, '2310', '277.2', '2587.2', '0', NULL, NULL, 'Paid', '2017-07-09 16:33:28', '0000-00-00 00:00:00'),
(104, 'INV-1708', 92, 114, 1, 1, '660', '660', '1320', '1400', '80', NULL, 'Paid', '2017-08-13 10:15:00', '0000-00-00 00:00:00'),
(105, 'INV-1708', 93, 115, 1, 1, '3135', '3135', '6270', '5000', NULL, '1270', 'Paid', '2017-08-13 10:21:33', '0000-00-00 00:00:00'),
(106, 'INV-1708', 94, 116, 1, 1, '2310', '392.7', '2702.7', '2703', '0.3000000000001', NULL, 'Paid', '2017-08-15 13:36:24', '0000-00-00 00:00:00'),
(107, 'INV-1708', 95, 117, 1, 1, '2200', '374', '2574', '2575', '1', NULL, 'Paid', '2017-08-15 13:37:52', '0000-00-00 00:00:00');

-- --------------------------------------------------------

--
-- Table structure for table `sales_product`
--

CREATE TABLE `sales_product` (
  `id` int(11) NOT NULL,
  `product_id` int(11) NOT NULL,
  `sales_id` int(11) NOT NULL,
  `store_price` varchar(15) NOT NULL,
  `store_discount` varchar(32) NOT NULL,
  `store_discount_type` varchar(11) NOT NULL,
  `vat` varchar(15) NOT NULL,
  `quantity` int(11) NOT NULL,
  `make_price` varchar(32) NOT NULL,
  `make_discount` varchar(32) NOT NULL,
  `make_discount_type` varchar(11) NOT NULL
) ENGINE=InnoDB DEFAULT CHARSET=latin1;

--
-- Dumping data for table `sales_product`
--

INSERT INTO `sales_product` (`id`, `product_id`, `sales_id`, `store_price`, `store_discount`, `store_discount_type`, `vat`, `quantity`, `make_price`, `make_discount`, `make_discount_type`) VALUES
(53, 12, 44, '500', '0', '0', '10', 1, '0', '0', '0'),
(54, 11, 45, '700', '0', '0', '10', 1, '0', '0', '0'),
(55, 14, 46, '2100', '0', '0', '10', 1, '0', '0', '0'),
(56, 13, 47, '2000', '0', '0', '10', 1, '0', '0', '0'),
(57, 14, 48, '2100', '0', '0', '10', 1, '0', '0', '0'),
(58, 14, 49, '2100', '0', '0', '10', 1, '0', '0', '0'),
(59, 13, 50, '2000', '0', '0', '10', 1, '0', '0', '0'),
(60, 1, 51, '400', '10', 'P', '10', 1, '0', '5', 'P'),
(62, 1, 53, '400', '0', 'P', '10', 2, '0', '0', '0'),
(63, 5, 54, '2500', '0', '0', '10', 1, '0', '0', '0'),
(64, 17, 55, '800', '0', '0', '10', 1, '-100', '0', '0'),
(65, 16, 55, '350', '0', '0', '10', 5, '0', '5', 'P'),
(66, 1, 55, '400', '10', 'P', '10', 1, '0', '0', '0'),
(67, 14, 56, '2100', '0', '0', '10', 1, '0', '0', '0'),
(68, 15, 56, '1500', '0', '0', '10', 1, '0', '0', '0'),
(69, 18, 56, '600', '0', '0', '10', 1, '0', '0', '0'),
(70, 17, 57, '800', '0', '0', '10', 1, '0', '0', '0'),
(71, 16, 57, '350', '0', '0', '10', 1, '0', '0', '0'),
(72, 14, 57, '2100', '0', '0', '10', 1, '0', '0', '0'),
(73, 13, 57, '2000', '0', '0', '10', 1, '0', '0', '0'),
(74, 14, 58, '2100', '0', '0', '10', 1, '0', '0', '0'),
(75, 14, 59, '2100', '0', '0', '10', 1, '0', '0', '0'),
(76, 15, 59, '1500', '0', '0', '10', 1, '0', '0', '0'),
(77, 13, 59, '2000', '0', '0', '10', 1, '0', '0', '0'),
(79, 17, 61, '800', '0', '0', '10', 1, '0', '0', '0'),
(81, 17, 63, '800', '0', '0', '10', 1, '0', '0', '0'),
(82, 11, 64, '700', '0', '0', '10', 1, '0', '0', '0'),
(83, 18, 65, '600', '0', '0', '10', 1, '0', '0', '0'),
(84, 16, 66, '350', '0', '0', '10', 1, '0', '0', '0'),
(85, 10, 67, '500', '0', '0', '10', 1, '0', '0', '0'),
(87, 12, 69, '500', '0', '0', '10', 1, '0', '0', '0'),
(88, 11, 70, '700', '0', '0', '10', 1, '0', '0', '0'),
(89, 12, 71, '500', '0', '0', '10', 1, '0', '0', '0'),
(90, 10, 72, '500', '0', '0', '10', 1, '0', '0', '0'),
(91, 10, 73, '500', '0', '0', '10', 1, '0', '0', '0'),
(92, 3, 74, '450', '0', '0', '12', 1, '0', '0', '0'),
(93, 1, 75, '400', '10', 'P', '10', 2, '0', '0', '0'),
(94, 18, 75, '600', '0', '0', '10', 1, '0', '5', 'P'),
(95, 1, 76, '400', '10', 'P', '10', 2, '0', '0', '0'),
(96, 18, 76, '600', '0', '0', '10', 1, '0', '5', 'P'),
(97, 14, 76, '2100', '0', '0', '10', 1, '0', '0', '0'),
(98, 1, 77, '400', '10', 'P', '10', 2, '0', '0', '0'),
(99, 18, 77, '600', '0', '0', '10', 1, '0', '5', 'P'),
(100, 1, 78, '400', '10', 'P', '10', 1, '0', '0', '0'),
(101, 2, 78, '300', '0', '0', '15', 1, '0', '0', '0'),
(102, 1, 79, '400', '10', 'P', '10', 1, '0', '0', '0'),
(103, 2, 79, '300', '0', '0', '15', 1, '0', '0', '0'),
(104, 17, 80, '800', '0', '0', '10', 1, '0', '0', '0'),
(105, 16, 80, '350', '0', '0', '10', 1, '0', '0', '0'),
(107, 17, 81, '800', '0', '0', '10', 1, '0', '0', '0'),
(108, 16, 81, '350', '0', '0', '10', 1, '0', '0', '0'),
(109, 15, 81, '1500', '0', '0', '10', 1, '0', '0', '0'),
(110, 11, 82, '700', '0', '0', '10', 1, '0', '0', '0'),
(111, 12, 83, '500', '0', '0', '10', 1, '0', '0', '0'),
(112, 2, 84, '300', '0', '0', '15', 1, '0', '0', '0'),
(113, 10, 85, '500', '0', '0', '10', 1, '0', '0', '0'),
(114, 10, 86, '500', '0', '0', '10', 1, '0', '0', '0'),
(115, 14, 86, '2100', '0', '0', '10', 1, '0', '0', '0'),
(116, 10, 87, '500', '0', '0', '10', 1, '0', '0', '0'),
(117, 14, 87, '2100', '0', '0', '10', 1, '0', '0', '0'),
(118, 18, 88, '600', '0', '0', '10', 2, '0', '5', 'P'),
(119, 3, 88, '450', '0', '0', '12', 1, '0', '0', '0'),
(120, 1, 88, '400', '10', 'P', '10', 1, '0', '0', '0'),
(121, 14, 89, '2100', '0', '0', '10', 1, '0', '0', '0'),
(122, 16, 89, '350', '0', '0', '10', 1, '0', '0', '0'),
(123, 17, 90, '800', '0', '0', '10', 1, '0', '0', '0'),
(124, 11, 91, '700', '0', '0', '10', 1, '0', '0', '0'),
(125, 10, 92, '500', '0', '0', '10', 1, '0', '0', '0'),
(126, 18, 93, '600', '0', '0', '10', 1, '0', '0', '0'),
(127, 12, 94, '500', '0', '0', '10', 1, '0', '0', '0'),
(128, 8, 95, '550', '0', '0', '10', 1, '0', '0', '0'),
(129, 7, 96, '2200', '0', '0', '10', 1, '0', '0', '0'),
(130, 17, 97, '800', '0', '0', '10', 1, '0', '0', '0'),
(131, 6, 98, '2800', '0', '0', '10', 1, '0', '0', '0'),
(132, 12, 99, '500', '0', '0', '10', 1, '0', '0', '0'),
(133, 9, 100, '400', '0', '0', '10', 1, '0', '0', '0'),
(134, 10, 101, '500', '0', '0', '10', 1, '0', '0', '0'),
(135, 15, 102, '1500', '0', '0', '10', 1, '0', '0', '0'),
(136, 14, 103, '2100', '0', '0', '10', 1, '0', '0', '0'),
(137, 18, 104, '600', '0', '0', '10', 1, '0', '0', '0'),
(138, 18, 105, '600', '0', '0', '10', 5, '0', '5', 'P'),
(139, 14, 106, '2100', '0', '0', '10', 1, '0', '0', '0'),
(140, 13, 107, '2000', '0', '0', '10', 2, '0', '0', '0');

-- --------------------------------------------------------

--
-- Table structure for table `tax`
--

CREATE TABLE `tax` (
  `id` int(11) NOT NULL,
  `name` varchar(155) NOT NULL,
  `amount` varchar(15) NOT NULL,
  `status` int(11) NOT NULL DEFAULT '0'
) ENGINE=InnoDB DEFAULT CHARSET=latin1;

--
-- Dumping data for table `tax`
--

INSERT INTO `tax` (`id`, `name`, `amount`, `status`) VALUES
(1, 'govt', '12', 1),
(2, 'non-govt', '5', 1);

-- --------------------------------------------------------

--
-- Table structure for table `transaction`
--

CREATE TABLE `transaction` (
  `id` int(11) NOT NULL,
  `amount` varchar(15) NOT NULL,
  `type` varchar(15) NOT NULL,
  `card_trans_id` varchar(15) DEFAULT NULL,
  `date` timestamp NOT NULL DEFAULT CURRENT_TIMESTAMP ON UPDATE CURRENT_TIMESTAMP
) ENGINE=InnoDB DEFAULT CHARSET=latin1;

--
-- Dumping data for table `transaction`
--

INSERT INTO `transaction` (`id`, `amount`, `type`, `card_trans_id`, `date`) VALUES
(22, '1094.8', 'Card', '446456456456', '2017-07-03 18:13:33'),
(23, '1042.75', 'Cash', NULL, '2017-07-03 18:18:44'),
(24, '396', 'Cash', '66', '2017-07-04 03:58:21'),
(25, '2750', 'Cash', NULL, '2017-07-04 04:00:28'),
(26, '605', 'Cash', NULL, '2017-07-04 04:05:25'),
(27, '715', 'Cash', NULL, '2017-07-04 04:16:52'),
(28, '715', 'Cash', NULL, '2017-07-04 04:18:43'),
(29, '715', 'Cash', NULL, '2017-07-04 04:20:05'),
(30, '605', 'Cash', NULL, '2017-07-04 04:24:37'),
(31, '3520', 'Cash', NULL, '2017-07-04 05:13:50'),
(32, '715', 'Cash', NULL, '2017-07-04 05:27:23'),
(33, '660', 'Cash', NULL, '2017-07-04 12:32:01'),
(34, '1540', 'Cash', NULL, '2017-07-04 14:03:08'),
(35, '880', 'Cash', NULL, '2017-07-04 14:13:17'),
(36, '880', 'Cash', NULL, '2017-07-04 14:15:43'),
(37, '385', 'Cash', NULL, '2017-07-04 14:16:15'),
(38, '2310', 'Cash', NULL, '2017-07-04 14:17:32'),
(39, '550', 'Cash', NULL, '2017-07-04 14:18:49'),
(40, '880', 'Cash', NULL, '2017-07-04 14:21:36'),
(41, '2310', 'Cash', NULL, '2017-07-04 14:23:08'),
(42, '550', 'Cash', NULL, '2017-07-04 14:23:49'),
(43, '550', 'Cash', NULL, '2017-07-04 14:24:11'),
(44, '2310', 'Cash', NULL, '2017-07-04 14:25:57'),
(45, '550', 'Cash', NULL, '2017-07-04 14:27:28'),
(46, '770', 'Cash', NULL, '2017-07-04 14:28:55'),
(47, '2310', 'Cash', NULL, '2017-07-04 14:35:00'),
(48, '2200', 'Cash', NULL, '2017-07-04 14:37:06'),
(49, '2310', 'Cash', NULL, '2017-07-04 14:43:59'),
(50, '2310', 'Cash', NULL, '2017-07-04 14:49:35'),
(51, '2200', 'Cash', NULL, '2017-07-04 14:51:21'),
(52, '418', 'Cash', NULL, '2017-07-04 16:41:50'),
(53, '396', 'Cash', NULL, '2017-07-04 16:46:01'),
(54, '506', 'Cash', NULL, '2017-07-04 16:47:45'),
(55, '2750', 'Cash', NULL, '2017-07-04 17:30:26'),
(56, '3354.12', 'Cash', NULL, '2017-07-04 18:38:29'),
(57, '5174.4', 'Card', '5200', '2017-07-05 05:36:40'),
(58, '6468', 'Cash', NULL, '2017-07-05 10:22:27'),
(59, '2587.2', 'Cash', NULL, '2017-07-05 11:36:11'),
(60, '6899.2', 'Cash', NULL, '2017-07-05 15:18:26'),
(61, '431.2', 'Cash', '5000', '2017-07-06 11:01:27'),
(62, '985.6', 'Cash', NULL, '2017-07-06 11:02:48'),
(63, '564.48', 'Cash', NULL, '2017-07-06 18:00:58'),
(64, '4176.48', 'Cash', NULL, '2017-07-06 19:24:37'),
(65, '1589.28', 'Card', '888888', '2017-07-07 09:16:24'),
(66, '829.92', 'Card', '88888', '2017-07-07 09:19:29'),
(67, '3264.8', 'Cash', NULL, '2017-07-07 12:24:51'),
(68, '862.4', 'Cash', NULL, '2017-07-07 15:20:05'),
(69, '616', 'Card', '555', '2017-07-07 15:21:56'),
(70, '386.4', 'Card', '55588', '2017-07-07 15:26:00'),
(71, '616', 'Cash', NULL, '2017-07-07 15:27:19'),
(72, '3203.2', 'Cash', NULL, '2017-07-07 17:43:53'),
(73, '2412.48', 'Cash', NULL, '2017-07-08 07:06:34'),
(81, '985.6', 'Cash', NULL, '2017-07-09 12:51:10'),
(82, '3000', 'Cash', NULL, '2017-07-09 12:52:06'),
(83, '616', 'Card', '555', '2017-07-09 12:53:24'),
(84, '492.8', 'Card', '5555', '2017-07-09 14:06:41'),
(85, '616', 'Card', '5555555', '2017-07-09 16:29:25'),
(86, '1848', 'Card', '88888', '2017-07-09 16:32:07'),
(87, '2587.2', 'Card', '5555', '2017-07-09 16:33:28'),
(89, '862.4', 'Card', '555555', '2017-07-09 16:37:20'),
(90, '2434.432', 'Cash', NULL, '2017-07-11 09:27:15'),
(91, '739.2', 'Card', '555', '2017-07-14 09:10:22'),
(92, '1320', 'Cash', NULL, '2017-08-13 10:15:00'),
(93, '5000', 'Cash', NULL, '2017-08-13 10:21:32'),
(94, '2702.7', 'Cash', NULL, '2017-08-15 13:36:24'),
(95, '2574', 'Cash', NULL, '2017-08-15 13:37:52');

-- --------------------------------------------------------

--
-- Table structure for table `user`
--

CREATE TABLE `user` (
  `id` int(11) NOT NULL,
  `username` varchar(32) NOT NULL,
  `email` varchar(64) NOT NULL,
  `password` varchar(32) NOT NULL,
  `role` int(11) NOT NULL,
  `date_create` timestamp NOT NULL DEFAULT CURRENT_TIMESTAMP ON UPDATE CURRENT_TIMESTAMP
) ENGINE=InnoDB DEFAULT CHARSET=latin1;

--
-- Dumping data for table `user`
--

INSERT INTO `user` (`id`, `username`, `email`, `password`, `role`, `date_create`) VALUES
(1, 'admin', 'admin@admin.com', 'admin', 1, '2017-07-05 04:55:58');

-- --------------------------------------------------------

--
-- Table structure for table `user_type`
--

CREATE TABLE `user_type` (
  `id` int(11) NOT NULL,
  `name` varchar(32) NOT NULL,
  `permission` text NOT NULL
) ENGINE=InnoDB DEFAULT CHARSET=latin1;

--
-- Dumping data for table `user_type`
--

INSERT INTO `user_type` (`id`, `name`, `permission`) VALUES
(1, 'admin', '[\"category\",\"product\",\"sales\",\"transaction\",\"settings\",\"user\",\"front_end\"]'),
(2, 'store manager', '[]'),
(3, 'operator', '[]');

--
-- Indexes for dumped tables
--

--
-- Indexes for table `category`
--
ALTER TABLE `category`
  ADD PRIMARY KEY (`id`);

--
-- Indexes for table `customer`
--
ALTER TABLE `customer`
  ADD PRIMARY KEY (`id`);

--
-- Indexes for table `discount`
--
ALTER TABLE `discount`
  ADD PRIMARY KEY (`id`);

--
-- Indexes for table `product`
--
ALTER TABLE `product`
  ADD PRIMARY KEY (`id`);

--
-- Indexes for table `sales`
--
ALTER TABLE `sales`
  ADD PRIMARY KEY (`id`);

--
-- Indexes for table `sales_product`
--
ALTER TABLE `sales_product`
  ADD PRIMARY KEY (`id`);

--
-- Indexes for table `tax`
--
ALTER TABLE `tax`
  ADD PRIMARY KEY (`id`);

--
-- Indexes for table `transaction`
--
ALTER TABLE `transaction`
  ADD PRIMARY KEY (`id`);

--
-- Indexes for table `user`
--
ALTER TABLE `user`
  ADD PRIMARY KEY (`id`);

--
-- Indexes for table `user_type`
--
ALTER TABLE `user_type`
  ADD PRIMARY KEY (`id`);

--
-- AUTO_INCREMENT for dumped tables
--

--
-- AUTO_INCREMENT for table `category`
--
ALTER TABLE `category`
  MODIFY `id` int(11) NOT NULL AUTO_INCREMENT, AUTO_INCREMENT=3;
--
-- AUTO_INCREMENT for table `customer`
--
ALTER TABLE `customer`
  MODIFY `id` int(11) NOT NULL AUTO_INCREMENT, AUTO_INCREMENT=118;
--
-- AUTO_INCREMENT for table `discount`
--
ALTER TABLE `discount`
  MODIFY `id` int(11) NOT NULL AUTO_INCREMENT, AUTO_INCREMENT=2;
--
-- AUTO_INCREMENT for table `product`
--
ALTER TABLE `product`
  MODIFY `id` int(11) NOT NULL AUTO_INCREMENT, AUTO_INCREMENT=24;
--
-- AUTO_INCREMENT for table `sales`
--
ALTER TABLE `sales`
  MODIFY `id` int(11) NOT NULL AUTO_INCREMENT, AUTO_INCREMENT=108;
--
-- AUTO_INCREMENT for table `sales_product`
--
ALTER TABLE `sales_product`
  MODIFY `id` int(11) NOT NULL AUTO_INCREMENT, AUTO_INCREMENT=141;
--
-- AUTO_INCREMENT for table `tax`
--
ALTER TABLE `tax`
  MODIFY `id` int(11) NOT NULL AUTO_INCREMENT, AUTO_INCREMENT=3;
--
-- AUTO_INCREMENT for table `transaction`
--
ALTER TABLE `transaction`
  MODIFY `id` int(11) NOT NULL AUTO_INCREMENT, AUTO_INCREMENT=96;
--
-- AUTO_INCREMENT for table `user`
--
ALTER TABLE `user`
  MODIFY `id` int(11) NOT NULL AUTO_INCREMENT, AUTO_INCREMENT=2;
--
-- AUTO_INCREMENT for table `user_type`
--
ALTER TABLE `user_type`
  MODIFY `id` int(11) NOT NULL AUTO_INCREMENT, AUTO_INCREMENT=4;
/*!40101 SET CHARACTER_SET_CLIENT=@OLD_CHARACTER_SET_CLIENT */;
/*!40101 SET CHARACTER_SET_RESULTS=@OLD_CHARACTER_SET_RESULTS */;
/*!40101 SET COLLATION_CONNECTION=@OLD_COLLATION_CONNECTION */;
